IMG_20201127_161404_899.jpg,35
IMG_20201204_133518_552.jpg,27
IMG_20201204_133537_962.jpg,31
IMG_20201127_160837_428.jpg,17
IMG_20201127_161400_713.jpg,37
IMG_20201204_133552_252.jpg,13
IMG_20201127_161414_816.jpg,51
IMG_20201204_133515_764.jpg,24
IMG_20201127_161350_880.jpg,40
IMG_20201204_133537_129.jpg,25
IMG_20201204_133535_255.jpg,36
IMG_20201127_160932_341.jpg,15
IMG_20201204_133513_161.jpg,22
IMG_20201127_161355_951.jpg,6
IMG_20201127_161348_155.jpg,50
IMG_20201204_133507_771.jpg,24
IMG_20201127_161647_901.jpg,22
IMG_20201127_165741_116.jpg,26
IMG_20201204_133555_018.jpg,5
IMG_20201204_093522_459.jpg,4
IMG_20201204_133531_959.jpg,31
IMG_20201204_133527_195.jpg,33
IMG_20201127_161649_498.jpg,24
IMG_20201204_133502_372.jpg,18
IMG_20201204_133550_566.jpg,10
IMG_20201204_133526_259.jpg,32
IMG_20201204_133533_330.jpg,41
IMG_20201127_160828_362.jpg,19
IMG_20201204_133525_385.jpg,31
IMG_20201127_161413_230.jpg,45
IMG_20201204_133523_505.jpg,29
IMG_20201127_161651_851.jpg,27
IMG_20201127_161346_841.jpg,52
IMG_20201127_160939_787.jpg,18
IMG_20201127_160935_034.jpg,16
IMG_20201204_133524_413.jpg,27
IMG_20201127_160933_531.jpg,9
IMG_20201204_133534_330.jpg,36
IMG_20201127_160928_643.jpg,10
IMG_20201127_161331_514.jpg,32
IMG_20201204_133521_532.jpg,33
IMG_20201127_161325_738.jpg,28
IMG_20201127_161402_591.jpg,41
IMG_20201204_133506_854.jpg,23
IMG_20201127_161646_681.jpg,18
IMG_20201204_133553_185.jpg,11
IMG_20201127_160822_458.jpg,20
IMG_20201127_160938_274.jpg,17
IMG_20201204_133522_437.jpg,30
IMG_20201127_165742_560.jpg,23
IMG_20201127_160831_801.jpg,33
IMG_20201204_133548_793.jpg,10
IMG_20201127_160813_599.jpg,38
IMG_20201127_160942_776.jpg,31
IMG_20201204_133514_804.jpg,25
IMG_20201127_160829_821.jpg,16
IMG_20201204_133538_753.jpg,32
IMG_20201127_161406_126.jpg,43
IMG_20201127_161650_604.jpg,23
IMG_20201127_160930_799.jpg,11
IMG_20201204_133504_956.jpg,18
IMG_20201204_133529_629.jpg,13
IMG_20201127_161416_170.jpg,44
IMG_20201127_161319_276.jpg,45
IMG_20201127_160835_743.jpg,21
IMG_20201127_165743_679.jpg,23
IMG_20201127_160819_954.jpg,30
IMG_20201204_133540_175.jpg,24
IMG_20201204_133517_694.jpg,25
IMG_20201204_133536_274.jpg,34
IMG_20201204_133430_713.jpg,14
IMG_20201204_133519_447.jpg,22
IMG_20201127_160832_840.jpg,23
IMG_20201127_161322_735.jpg,37
IMG_20201204_133549_677.jpg,13
IMG_20201204_133530_505.jpg,26
IMG_20201204_133528_100.jpg,19
IMG_20201204_133554_155.jpg,9
IMG_20201204_133520_486.jpg,30
IMG_20201204_133551_417.jpg,16
